model,Predicted,Actual
478.0,36898.30499688062,41800.0
478.0,44253.08165116254,52800.0
478.0,26396.26294214316,21800.0
478.0,45763.497499814,44800.0
478.0,44441.05674588666,51800.0
478.0,29689.459016696597,28800.0
